{
  "project_info": {
    "project_number": "134533090320",
    "firebase_url": "https://vehicle-13a4a.firebaseio.com",
    "project_id": "vehicle-13a4a",
    "storage_bucket": "vehicle-13a4a.appspot.com"
  },
  "client": [
    {
      "client_info": {
        "mobilesdk_app_id": "1:134533090320:android:1a31800350b23590470e95",
        "android_client_info": {
          "package_name": "com.example.vehicle"
        }
      },
      "oauth_client": [
        {
          "client_id": "134533090320-o2mdhh2mc0bcvc94b46a3psu8rmjt8n7.apps.googleusercontent.com",
          "client_type": 1,
          "android_info": {
            "package_name": "com.example.vehicle",
            "certificate_hash": "0377150793560a4066edbc02c4bb8271b7142ae4"
          }
        },
        {
          "client_id": "134533090320-urh1f2771ck0itt8re262fk59cjgt52n.apps.googleusercontent.com",
          "client_type": 3
        }
      ],
      "api_key": [
        {
          "current_key": "AIzaSyDnnYR061jiAxEQiFcqeHl4RRgeA1hFNeM"
        }
      ],
      "services": {
        "appinvite_service": {
          "other_platform_oauth_client": [
            {
              "client_id": "134533090320-urh1f2771ck0itt8re262fk59cjgt52n.apps.googleusercontent.com",
              "client_type": 3
            }
          ]
        }
      }
    }
  ],
  "configuration_version": "1"
}